product_name,status,bp_eur,bp_eur_cz,delivery_month,available,available_cz,released_rtd,brand,panel_colour,panel_design,panel_power,inverter_power,nomenclature_group,delivery_cw,length,height,width,pcs_ctn,pcs_pal
roof protection mat alu 370x150mm,       ,0.0,0.0,,2450,2450,0,MOUNTING,,,0,0,CON_MNT,,0.0,0.0,0.0,0,0
ANTAI_A0102-TYN424-01 Beam,       ,13.619,13.619,,577,577,0,ANTAI,,,0,0,CON_ANT,,0.0,0.0,5300.0,0,0
ANTAI_A0104-TYN417-01 Rail,       ,14.592,14.592,,880,880,0,ANTAI,,,0,0,CON_ANT,,0.0,0.0,4700.0,0,0
ANTAI_A0301-F35x35x2-01 Pole,       ,0.844,0.9,,10,10,0,ANTAI,,,0,0,CON_ANT,,0.0,0.0,210.0,0,0
AC200MAX POWER STATION BLUETTI,       ,1381.0,1381.0,,0,0,0,BLUETTI,,,0,0,PPS_BLU,,280.0,386.5,420.0,0,0
AC300 POWER STATION BLUETTI,       ,1290.0,1290.0,,3,3,0,BLUETTI,,,0,0,PPS_BLU,,320.0,358.0,520.0,0,0
Nanocarport_Y COMMERCIAL BASIC PACKAGE 3x16 5 cars,       ,4620.0,4620.0,,7,7,0,ANTAI,,,0,0,CON_ANT,,0.0,0.0,0.0,0,0
Nanocarport_Y COMMERCIAL EXTENSION PKG. 3x3 1car,       ,867.0,867.0,,16,16,0,ANTAI,,,0,0,CON_ANT,,0.0,0.0,0.0,0,0
ANTAI_JBS0005600 Self-Tapping Screw,       ,0.07,0.07,,700,700,0,ANTAI,,,0,0,CON_ANT,,0.0,0.0,0.0,0,0
Nanoracking Argo PV SET_1_12142022 13.85(H)x8.5(V),       ,3577.0,3577.0,,2,2,0,ANTAI,,,0,0,CON_ANT,,0.0,0.0,0.0,0,0
Nanoracking Argo PV SET_2_12142022 27.6(H)x8.5(V),       ,7154.0,7154.0,,6,6,0,ANTAI,,,0,0,CON_ANT,,0.0,0.0,0.0,0,0
Nanoracking Argo PV SET_3_12142022 34.45(H)x16.3 V,       ,11025.0,11025.0,,1,1,0,ANTAI,,,0,0,CON_ANT,,0.0,0.0,0.0,0,0
Antai_Tile Roof Hook 2 W30 H70,       ,3.75,3.75,,500,500,0,ANTAI,,,0,0,CON_ANT,,0.0,0.0,0.0,0,0
Antai_Tile Roof Hook 3 W30 H185,       ,4.3,4.3,,300,300,0,ANTAI,,,0,0,CON_ANT,,0.0,0.0,0.0,0,0
ANTAI_WIND DEFLECTOR,       ,2.8,2.8,,167,167,0,ANTAI,,,0,0,CON_ANT,,0.0,0.0,0.0,0,0
AVANCIS POWERMAX SKALA 130W Green 4002,       ,2.0,2.0,,1,1,0,AVANCIS,FF_GREEN,,130,0,PAN_AVC,,686.0,45.0,1595.0,0,20
AVANCIS POWERMAX SKALA 150W B901,       ,1.7333,1.7333,,1,1,0,AVANCIS,,,150,0,PAN_AVC,,686.0,45.0,1595.0,0,20
AVANCIS SKALA 100W 1202 RED,       ,2.6,2.6,,1,1,0,AVANCIS,,,100,0,PAN_AVC,,664.0,38.0,1587.0,0,20
AVANCIS SKALA 115W,       ,2.2609,2.2609,,1,1,0,AVANCIS,,,115,0,PAN_AVC,,664.0,38.0,1587.0,0,20
AVANCIS SKALA 125W,       ,2.08,2.08,,1,1,0,AVANCIS,,,125,0,PAN_AVC,,664.0,38.0,1587.0,0,20
AVANCIS SKALA 130W,       ,2.0,2.0,,1,1,0,AVANCIS,,,130,0,PAN_AVC,,664.0,38.0,1587.0,0,20
AVANCIS SKALA 130W B,       ,2.0,2.0,,1,1,0,AVANCIS,,,130,0,PAN_AVC,,664.0,38.0,1587.0,0,20
AVANCIS SKALA G002 130W Grey,       ,2.0,2.0,,1,1,0,AVANCIS,FF_GREY,,130,0,PAN_AVC,,664.0,38.0,1587.0,0,20
AVANCIS SKALA 135W 7002 Dark Blue,       ,1.9259,1.9259,,1,1,0,AVANCIS,FF_DARK_BLUE,,135,0,PAN_AVC,,664.0,38.0,1587.0,0,20
AVANCIS SKALA 140W,       ,1.8571,1.8571,,1,1,0,AVANCIS,,,140,0,PAN_AVC,,664.0,38.0,1587.0,0,20
AVANCIS SKALA B001 140W Black,       ,1.8571,1.8571,,1,1,0,AVANCIS,,,140,0,PAN_AVC,,664.0,38.0,1587.0,0,20
AVANCIS SKALA B001 140W Black,       ,1.3571,1.5,03/2024,1,0,0,AVANCIS,,,140,0,PAN_AVC,12,664.0,38.0,1587.0,0,20
ANTAI_B0601-JDP20-01 Earthing Clip,       ,0.055,0.055,,14231,14231,0,ANTAI,,,0,0,CON_ANT,,0.0,0.0,0.0,0,0
ANTAI_B0601-JDP29-01 Earthing Clip,       ,0.058,0.058,,2860,2860,0,ANTAI,,,0,0,CON_ANT,,0.0,0.0,0.0,0,0
B230 BATTERY BLUETTI,       ,964.0,964.0,,4,4,0,BLUETTI,,,0,0,PPS_BLU,,280.0,227.5,420.0,0,0
B300 BATTERY BLUETTI,       ,1378.0,1378.0,,18,18,0,BLUETTI,,,0,0,PPS_BLU,,320.0,266.0,520.0,0,0
Backup Box-B1(HUAWEI LUNA2000-Back-up system 3-pha,       ,499.0,499.0,,4,4,0,HUAWEI,,,0,0,ACC_HUA,,350.0,130.0,400.0,0,0
LUNA 2000-5-EO ( Luna Huawei Battery exstension 5,       ,1583.0,1583.0,,0,0,0,HUAWEI,,,0,0,BAT_HUA,,150.0,360.0,670.0,0,0
BENY EV Charger BCP-A1N-L,       ,223.44,283.92,,3,3,0,ZBENY,,,0,0,EVC_ZBN,,380.0,151.0,169.0,0,0
BENY EV Charger BCP-AT1S-L,       ,255.36,315.84,,2,2,0,ZBENY,,,0,0,EVC_ZBN,,380.0,151.0,169.0,0,0
BTS 5K-BDU,       ,224.0,229.0,,1,1,0,SOFAR,,,0,0,BAT_SOF,,170.0,200.0,708.0,0,0
"BTS_5K_BATTERY_MODULE_5,12",       ,1533.0,1538.0,,2,2,0,SOFAR,,,0,0,BAT_SOF,,170.0,420.0,708.0,0,0
BYD_BATTERY_HVM,       ,933.0,933.0,,6,6,0,BYD,,,0,0,BAT_BYD,,0.0,0.0,0.0,0,0
BYD_BATTERY_HVS,       ,923.0,928.0,,0,0,0,BYD,,,0,0,BAT_BYD,,0.0,0.0,0.0,0,0
BYD_BATTERY_HVS,       ,923.0,923.0,,34,34,0,BYD,,,0,0,BAT_BYD,,0.0,0.0,0.0,0,0
BYD_HVM/HVS_BCU+BASE,       ,460.0,465.0,,0,0,0,BYD,,,0,0,BAT_BYD,,0.0,0.0,0.0,0,0
BYD_HVM/HVS_BCU+BASE,       ,402.0,407.0,,12,12,0,BYD,,,0,0,BAT_BYD,,0.0,0.0,0.0,0,0
BYD_HVM/HVS_BCU+BASE,       ,402.0,402.0,,15,15,0,BYD,,,0,0,BAT_BYD,,0.0,0.0,0.0,0,0
ANTAI_C0101-TYN427-01 Connector,       ,0.538,0.6000000000000001,,10,10,0,ANTAI,,,0,0,CON_ANT,,0.0,0.0,0.0,0,0
ANTAI_C0102-TYN423-01 Front Base,       ,0.625,0.65,,10,10,0,ANTAI,,,0,0,CON_ANT,,0.0,0.0,0.0,0,0
ANTAI_C0102-TYN426-01 Rear Base,       ,0.886,0.9,,10,10,0,ANTAI,,,0,0,CON_ANT,,0.0,0.0,0.0,0,0
ANTAI_C0103-GN003-27 Mid Clamp (35/40mm Panel),       ,0.639,0.639,,8419,8419,0,ANTAI,,,0,0,CON_ANT,,0.0,0.0,0.0,0,0
ANTAI_C0103-TYN436-03 Mid Clamp (30mm Panel),       ,0.548,0.548,,6754,6754,0,ANTAI,,,0,0,CON_ANT,,0.0,0.0,0.0,0,0
ANTAI_C0104-TYN433-01 End Clamp (30mm Panel),       ,0.548,0.548,,1431,1431,0,ANTAI,,,0,0,CON_ANT,,0.0,0.0,0.0,0,0
ANTAI_C0104-TYN433-03 End Clamp (30mm Panel),       ,0.452,0.452,,26,26,0,ANTAI,,,0,0,CON_ANT,,0.0,0.0,0.0,0,0
ANTAI_C0104-TYN434-01 End Clamp (35/40mm Panel),       ,0.641,0.641,,2011,2011,0,ANTAI,,,0,0,CON_ANT,,0.0,0.0,0.0,0,0
ANTAI_C0104-TYN434-03 End Clamp (35/40mm Panel),       ,0.527,0.527,,3273,3273,0,ANTAI,,,0,0,CON_ANT,,0.0,0.0,0.0,0,0
ANTAI_C0106-TYN418-01 Rail Splice,       ,0.796,0.796,,266,266,0,ANTAI,,,0,0,CON_ANT,,0.0,0.0,0.0,0,0
ANTAI_C0106-TYN425-01 Beam Splice,       ,0.8180000000000001,0.8180000000000001,,218,218,0,ANTAI,,,0,0,CON_ANT,,0.0,0.0,0.0,0,0
ANTAI_C0401-AU001-03 Tile Roof Hook,       ,3.536,3.536,,7730,7730,0,ANTAI,,,0,0,CON_ANT,,0.0,0.0,0.0,0,0
ANTAI_C0402-CJ025-29 L Feet Kit with M10X250 Hange,       ,1.75,1.75,,830,830,0,ANTAI,,,0,0,CON_ANT,,0.0,0.0,0.0,0,0
ANTAI_C0402-CJ092-01 TYN 450 Mini Rail for Trapezb,       ,0.979,0.979,,4188,4188,0,ANTAI,,,0,0,CON_ANT,,0.0,0.0,0.0,0,0
ANTAI_C0501-TYN16-04 Grounding Lug,       ,0.559,0.559,,1302,1302,0,ANTAI,,,0,0,CON_ANT,,0.0,0.0,0.0,0,0
COM100E SUNGROW Smart Communication Box,       ,347.0,347.0,,0,0,0,SUNGROW,,,0,0,ACC_SGR,,315.0,126.0,460.0,0,0
Wallbox EV charger:Copper SB CPB1 (22kW / SOCKET /,       ,0.0,0.0,,1,1,0,WALLBOX,,,0,0,EVC_WAL,,192.0,113.0,260.0,0,0
CS6L-455MS_BF,       ,0.114,0.11900000000000001,,413,413,0,CANADIAN,BF,GLASS,455,0,PAN_CSI,,1134.0,30.0,1903.0,840,35
CS6L-460MS_BF,       ,0.111,0.116,06/2024,594,0,5040,CANADIAN,BF,GLASS,460,0,PAN_CSI,23,1134.0,30.0,1903.0,840,35
CS6R-410 SF,       ,0.28400000000000003,0.28400000000000003,,26,26,0,CANADIAN,SF,GLASS,410,0,PAN_CSI,,1134.0,30.0,1722.0,910,35
CS6R-415 BF,       ,0.14,0.14,,40,40,0,CANADIAN,BF,GLASS,415,0,PAN_CSI,,1134.0,30.0,1722.0,910,35
CS7L-595MS,       ,0.12,0.12,,4,4,0,CANADIAN,SF,GLASS,595,0,PAN_CSI,,1303.0,35.0,2172.0,527,31
CS7N-665MS,       ,0.16,0.16,,682,682,0,CANADIAN,SF,GLASS,665,0,PAN_CSI,,1303.0,35.0,2384.0,558,31
CS7N-665MS,       ,0.177,0.182,,1116,1116,0,CANADIAN,SF,GLASS,665,0,PAN_CSI,,1303.0,35.0,2384.0,558,31
DONGLE (WiFi2.0) SOLINTEG,       ,14.0,19.0,,271,271,0,SOLINTEG,,,0,0,ACC_SLG,,51.0,35.0,123.0,0,0
DTSU666 SUNGROW,       ,112.0,112.0,,46,46,0,SUNGROW,,,0,0,ACC_SGR,,72.0,65.5,100.0,0,0
DTSU666-D SOLAX,       ,66.0,71.0,,26,26,0,SOLAX,,,0,0,ACC_SLX,,72.0,65.5,100.0,0,0
DTSU666-H 250A,       ,95.0,95.0,,45,45,0,HUAWEI,,,0,0,ACC_HUA,,72.0,65.5,100.0,0,0
DTSU666-HW,       ,144.0,144.0,,0,0,0,HUAWEI,,,0,0,ACC_HUA,,72.0,80.0,100.0,0,0
dummy LUNA 2000-5-EO ( Luna Huawei Battery exstens,       ,0.0,0.0,,1,1,0,HUAWEI,,,0,0,ACC_HUA,,0.0,0.0,0.0,0,0
Dummy SUN2000-10KTL-M1 HUAWEI,       ,0.0,0.0,,1,1,0,HUAWEI,,,0,10000,INV_HUA,,470.0,166.0,525.0,0,0
DYNESS_BDU_BASE,       ,590.0,595.0,,1,1,0,DYNES,,,0,0,BAT_DYN,,380.0,156.5,504.0,0,0
DYNESS_HV9637,       ,1100.0,1105.0,,3,3,0,DYNES,,,0,0,BAT_DYN,,240.0,380.0,504.0,0,0
EBS-5150-BAS,       ,75.0,80.0,,5,5,0,SOLINTEG,,,0,0,BAT_SLG,,0.0,0.0,0.0,0,0
EBS-5150-BAT,       ,691.0,691.0,,0,0,0,SOLINTEG,,,0,0,BAT_SLG,,0.0,0.0,0.0,0,0
EBS-5150-BMS,       ,405.0,410.0,,4,4,0,SOLINTEG,,,0,0,BAT_SLG,,0.0,0.0,0.0,0,0
EP500PRO MOVABLE POWER STATION BLUETTI,       ,3393.0,3393.0,,2,2,0,BLUETTI,,,0,0,PPS_BLU,,300.0,760.0,580.0,0,0
GW60KN-MT,       ,2850.0,2850.0,,11,11,0,GOODWE,,,0,60000,INV_GWY,,788.0,264.0,586.0,0,0
HUAWEI AC_CHARGER-1PH 7KW,       ,540.0,540.0,,9,9,0,HUAWEI,,,0,0,EVC_HUA,,145.0,335.0,180.0,0,0
SDongleA-03-EU - Huawei Smart Dongle-4G,       ,97.0,97.0,,6,6,0,HUAWEI,,,0,0,ACC_HUA,,48.0,33.0,130.0,0,0
HUAWEI Wi-Fi Dongle,       ,40.0,40.0,,1,1,0,HUAWEI,,,0,0,ACC_HUA,,515.0,264.1,571.4,0,0
HUAWEI Wi-Fi Dongle,       ,40.0,40.0,,3,3,0,HUAWEI,,,0,0,ACC_HUA,,515.0,264.1,571.4,0,0
JAM54D40-420-MB-BF,       ,0.115,0.12,,132,132,0,JASOLAR,BF,2GLASS,420,0,PAN_JAS,,1134.0,30.0,1722.0,936,36
JAM54D40-425-GB-BF,       ,0.125,0.13,,13,13,0,JASOLAR,BF,2GLASS,425,0,PAN_JAS,,1134.0,30.0,1722.0,936,36
JAM54D40-425-GB-BF,       ,0.115,0.12,02/2024,13,0,36,JASOLAR,BF,2GLASS,425,0,PAN_JAS,7,1134.0,30.0,1722.0,936,36
JAM54D41-435-LB-ALL BLACK,       ,0.123,0.128,05/2024,1872,0,0,JASOLAR,FB,2GLASS,435,0,PAN_JAS,18,1134.0,30.0,1762.0,936,36
JAM54D41-435-LB-ALL BLACK,       ,0.11800000000000001,0.123,06/2024,14040,0,0,JASOLAR,FB,2GLASS,435,0,PAN_JAS,22,1134.0,30.0,1762.0,936,36
JAM54D41-435-LB-ALL BLACK,       ,0.11800000000000001,0.123,05/2024,1872,0,0,JASOLAR,FB,2GLASS,435,0,PAN_JAS,18,1134.0,30.0,1762.0,936,36
JAM54S30-405-MR-BF,       ,0.115,0.12,,22,22,0,JASOLAR,BF,GLASS,405,0,PAN_JAS,,1134.0,30.0,1722.0,936,36
JAM54S30-410-MR-SF,       ,0.11,0.115,,12,12,0,JASOLAR,SF,GLASS,410,0,PAN_JAS,,1134.0,30.0,1722.0,936,36
JAM54S30-415-GR-BF,       ,0.11,0.115,,2,2,0,JASOLAR,BF,GLASS,415,0,PAN_JAS,,1134.0,30.0,1722.0,936,36
JAM54S30-415-MR-BF,       ,0.10300000000000001,0.108,02/2024,6156,0,0,JASOLAR,BF,GLASS,415,0,PAN_JAS,7,1134.0,30.0,1722.0,936,36
JAM54S30-415-MR-BF,       ,0.10300000000000001,0.108,02/2024,4680,0,0,JASOLAR,BF,GLASS,415,0,PAN_JAS,7,1134.0,30.0,1722.0,936,36
JAM54S30-415-MR-BF,       ,0.10300000000000001,0.108,02/2024,936,0,0,JASOLAR,BF,GLASS,415,0,PAN_JAS,7,1134.0,30.0,1722.0,936,36
JAM54S30-415-MR-BF,       ,0.10300000000000001,0.108,02/2024,0,0,2808,JASOLAR,BF,GLASS,415,0,PAN_JAS,7,1134.0,30.0,1722.0,936,36
JAM54S30-415-MR-BF,       ,0.105,0.11,,18,18,0,JASOLAR,BF,GLASS,415,0,PAN_JAS,,1134.0,30.0,1722.0,936,36
JAM54S30-415-MR-BF,       ,0.10300000000000001,0.108,02/2024,1872,0,0,JASOLAR,BF,GLASS,415,0,PAN_JAS,7,1134.0,30.0,1722.0,936,36
JAM54S30-420-GR-BF,       ,0.105,0.11,,11,11,0,JASOLAR,BF,GLASS,420,0,PAN_JAS,,1134.0,30.0,1722.0,936,36
JAM54S30-420-GR-BF,       ,0.10300000000000001,0.108,02/2024,662,0,0,JASOLAR,BF,GLASS,420,0,PAN_JAS,7,1134.0,30.0,1722.0,936,36
JAM54S31-400-MR-ALLBLACK,       ,0.10650000000000001,0.01,02/2024,0,0,0,JASOLAR,FB,GLASS,400,0,PAN_JAS,7,1134.0,30.0,1722.0,936,36
JAM54S31-405-MR-ALLBLACK,       ,0.115,0.12,,6,6,0,JASOLAR,FB,GLASS,405,0,PAN_JAS,,1134.0,30.0,1722.0,936,36
JAM54S31-405-MR-ALLBLACK,       ,0.107,0.112,02/2024,6552,0,0,JASOLAR,FB,GLASS,405,0,PAN_JAS,7,1134.0,30.0,1722.0,936,36
JAM54S31-405-MR-ALLBLACK,       ,0.10650000000000001,0.1115,02/2024,11664,432,0,JASOLAR,FB,GLASS,405,0,PAN_JAS,7,1134.0,30.0,1722.0,936,36
JAM60S20-385-MR-BF,       ,0.125,0.13,,3,3,0,JASOLAR,BF,GLASS,385,0,PAN_JAS,,1052.0,35.0,1769.0,806,31
JAM60S20-385-MR-BF,       ,0.11,0.115,05/2024,223,93,0,JASOLAR,BF,GLASS,385,0,PAN_JAS,20,1052.0,35.0,1769.0,806,31
JAM60S20-385-MR-BF [NEW],       ,0.125,0.13,,83,83,0,JASOLAR,BF,GLASS,385,0,PAN_JAS,,1052.0,30.0,1769.0,806,31
JAM60S20-385-MR-BF [NEW],       ,0.105,0.11,,216,216,0,JASOLAR,BF,GLASS,385,0,PAN_JAS,,1052.0,30.0,1769.0,806,31
JAM66S30-500-MR SF,       ,0.116,0.121,,0,0,0,JASOLAR,SF,GLASS,500,0,PAN_JAS,,1134.0,30.0,2093.0,792,36
JAM72D30-540-MB-SF,       ,0.105,0.11,,16,16,0,JASOLAR,SF,2GLASS,540,0,PAN_JAS,,1052.0,35.0,2117.0,620,31
JAM72D30-545-MB-SF,       ,0.11,0.115,,4,4,0,JASOLAR,SF,2GLASS,545,0,PAN_JAS,,1052.0,35.0,2117.0,620,31
JAM72D30-545-MB-SF,       ,0.115,0.122,04/2024,6238,478,0,JASOLAR,SF,2GLASS,545,0,PAN_JAS,14,1052.0,35.0,2117.0,620,31
JAM72D30-550-MB-SF,       ,0.105,0.11,06/2024,2160,0,0,JASOLAR,SF,2GLASS,550,0,PAN_JAS,22,1052.0,35.0,2117.0,720,31
JAM72D30-550-MB-SF,       ,0.105,0.11,06/2024,8640,0,0,JASOLAR,SF,2GLASS,550,0,PAN_JAS,22,1052.0,35.0,2117.0,720,31
JAM72D30-550-MB-SF,       ,0.115,0.122,03/2024,720,0,0,JASOLAR,SF,2GLASS,550,0,PAN_JAS,12,1052.0,35.0,2117.0,720,31
JAM72D30-550-MB-SF,       ,0.129,0.132,,554,554,0,JASOLAR,SF,2GLASS,550,0,PAN_JAS,,1052.0,35.0,2117.0,720,31
JAM72D30-550-MB-SF,       ,0.132,0.132,,325,325,0,JASOLAR,SF,2GLASS,550,0,PAN_JAS,,1052.0,35.0,2117.0,720,31
JAM72S20-460-MR,       ,0.125,0.13,,4,4,0,JASOLAR,SF,GLASS,460,0,PAN_JAS,,1052.0,35.0,2112.0,682,31
JAM72S30-545/MR,       ,0.11,0.115,,5,5,0,JASOLAR,SF,GLASS,545,0,PAN_JAS,,1134.0,30.0,2279.0,620,31
JAM72S30-545/MR,       ,0.131,0.131,,256,256,0,JASOLAR,SF,GLASS,545,0,PAN_JAS,,1134.0,30.0,2279.0,620,31
JAM72S30-550/MR SF,       ,0.105,0.11,06/2024,12960,0,0,JASOLAR,SF,GLASS,550,0,PAN_JAS,22,1134.0,30.0,2279.0,620,31
JINKO Tiger Neo 72HL4-(V) 575W,       ,0.14300000000000002,0.14350000000000002,,56,56,0,JINKO,SF,GLASS,575,0,PAN_JIN,,1134.0,35.0,2278.0,620,31
solární kabel H1Z2Z2-K 1x6 černá,       ,0.734,0.738,,4000,4000,0, ,,,0,0,CAB_OST,,0.0,0.0,0.0,0,0
solární kabel H1Z2Z2-K 1x6 červená,       ,0.734,0.738,,900,900,0, ,,,0,0,CAB_OST,,0.0,0.0,0.0,0,0
Konektor female MC4,       ,0.8,0.85,,100,100,0,STAUBLI,,,0,0,ACC_STA,,0.0,0.0,0.0,0,0
Konektor male MC4,       ,0.6000000000000001,0.65,,100,100,0,STAUBLI,,,0,0,ACC_STA,,0.0,0.0,0.0,0,0
LOGGER1000B,       ,404.0,404.0,07/2024,6,0,0,SUNGROW,,,0,0,ACC_SGR,28,110.0,60.0,200.0,0,0
Logger 4000,       ,658.0,663.0,,5,5,0,SUNGROW,,,0,0,ACC_SGR,,44.0,224.0,440.0,0,0
LR5-54HIH-410M,       ,0.227,0.227,,29,29,0,LONGI,BF,GLASS,410,0,PAN_LON,,1134.0,30.0,1722.0,936,36
LR5-54HPH-415M,       ,0.19,0.19,,61,61,0,LONGI,BF,GLASS,415,0,PAN_LON,,1134.0,30.0,1722.0,936,36
LR5-54HTB-435M,       ,0.1296,0.1346,07/2024,36,0,0,LONGI,FB,GLASS,435,0,PAN_LON,29,1134.0,30.0,1722.0,936,36
LR5-54HTB-435M,       ,0.13520000000000001,0.14020000000000002,,56,56,0,LONGI,FB,GLASS,435,0,PAN_LON,,1134.0,30.0,1722.0,936,36
LR5-54HTH-420M,       ,0.215,0.215,,25,25,0,LONGI,BF,GLASS,420,0,PAN_LON,,1134.0,30.0,1722.0,936,36
LR5-54HTH-435M,       ,0.12510000000000002,0.1301,,877,877,4680,LONGI,BF,GLASS,435,0,PAN_LON,,1134.0,30.0,1722.0,936,36
LR5-66HPH-505M,       ,0.20700000000000002,0.20700000000000002,,25,25,0,LONGI,SF,GLASS,505,0,PAN_LON,,1134.0,35.0,2094.0,682,31
LR5-66HPH-505M BF,       ,0.14,0.14,,0,0,0,LONGI,BF,GLASS,505,0,PAN_LON,,1134.0,35.0,2094.0,682,31
LR5-66HTH-530M,       ,0.155,0.16,,113,113,0,LONGI,BF,GLASS,530,0,PAN_LON,,1134.0,35.0,2094.0,682,31
LR5-72HBD-550M,       ,0.1169,0.1174,,118,118,0,LONGI,SF,GLASS,550,0,PAN_LON,,1134.0,30.0,2278.0,720,36
LR5-72HPH-545M,       ,0.16,0.16,,0,0,0,LONGI,SF,GLASS,545,0,PAN_LON,,1134.0,35.0,2278.0,620,31
LR5-72HTH-580M,       ,0.12510000000000002,0.1301,,0,0,620,LONGI,SF,GLASS,580,0,PAN_LON,,1134.0,35.0,2278.0,620,31
LR5-72HTH-580M,       ,0.1198,0.12480000000000001,06/2024,0,0,0,LONGI,SF,GLASS,580,0,PAN_LON,25,1134.0,35.0,2278.0,620,31
LR5-72HTH-580M,       ,0.1217,0.1267,07/2024,6200,0,0,LONGI,SF,GLASS,580,0,PAN_LON,29,1134.0,35.0,2278.0,620,31
LR5-72HTH-585M,       ,0.1217,0.1267,07/2024,1240,0,0,LONGI,SF,GLASS,585,0,PAN_LON,28,1134.0,35.0,2278.0,620,31
LR5-72HTH-585M,       ,0.1217,0.1267,08/2024,1860,0,0,LONGI,SF,GLASS,585,0,PAN_LON,32,1134.0,35.0,2278.0,620,31
LR5-72HTH-585M,       ,0.1217,0.1267,09/2024,1860,0,0,LONGI,SF,GLASS,585,0,PAN_LON,36,1134.0,35.0,2278.0,620,31
LTE Stick LS4G-3 (USB),       ,163.0,165.0,,15,15,0,SOFAR,,,0,0,ACC_SOF,,0.0,0.0,0.0,0,0
LUNA2000 Wall Mounting Bracket,       ,58.0,58.0,,2,2,0,HUAWEI,,,0,0,ACC_HUA,,0.0,0.0,0.0,0,0
MC4 CONNECTOR SUNMAN,       ,0.0,0.0,,356,356,0,SUNMAN,,,0,0,ACC_SNM,,0.0,0.0,0.0,0,0
MHT-10K-25,       ,1080.0,1083.0,,19,19,0,SOLINTEG,,,0,10000,INV_SLG,,418.0,210.0,534.0,0,0
"MHT-20K-40, with LAN",       ,1730.0,1733.0,,77,77,0,SOLINTEG,,,0,20000,INV_SLG,,418.0,210.0,534.0,0,0
MHT-25K-100,       ,3358.0,3363.0,,1,1,0,SOLINTEG,,,0,25000,INV_SLG,,620.0,300.0,800.0,0,0
MHT-25K-100,       ,3038.0,3038.0,,2,2,0,SOLINTEG,,,0,25000,INV_SLG,,620.0,300.0,800.0,0,0
MHT-40K-100,       ,3498.0,3498.0,,2,2,0,SOLINTEG,,,0,40000,INV_SLG,,620.0,300.0,800.0,0,0
MHT-50K-100,       ,4015.0,4015.0,,0,0,0,SOLINTEG,,,0,50000,INV_SLG,,620.0,300.0,800.0,0,0
MHT-50K-100,       ,4015.0,4015.0,,0,0,0,SOLINTEG,,,0,50000,INV_SLG,,620.0,300.0,800.0,0,0
POCKET WFI DONGLE,       ,14.0,19.0,,26,26,0,SOLAX,,,0,0,ACC_SLX,,96.0,29.0,46.0,0,0
"Wallbox EV charger: Pulsar Plus -7,4kW/5m/T2/White",       ,496.8,507.77,,11,11,0,WALLBOX,,,0,0,EVC_WAL,,163.0,88.0,166.0,0,0
"Wallbox EV charger: Pulsar Plus -7,4kW/5m/T2/Black",       ,496.8,507.77,,20,20,0,WALLBOX,,,0,0,EVC_WAL,,163.0,88.0,166.0,0,0
Wallbox EV charger: Pulsar Plus - 22kW/5m/T2/_BLK,       ,485.0,490.0,,4,4,0,WALLBOX,,,0,0,EVC_WAL,,163.0,82.0,166.0,0,0
"Wallbox EV charger: Pulsar - 7,4kW / 5m / T2 / whi",       ,367.5,374.3,,1,1,0,WALLBOX,,,0,0,EVC_WAL,,163.0,82.0,166.0,0,0
PV350 SOLAR PANEL 350W BLUETTI,       ,564.0,564.0,,25,25,0,BLUETTI,,,350,0,PPS_BLU,,613.0,65.0,905.0,0,0
RS3-450M-E3,       ,0.14,0.14,03/2024,792,0,0,RENESOLA,SF,GLASS,450,0,PAN_RSL,12,1038.0,30.0,2094.0,792,36
S100 SINGLE PHASE ENERGY METTER,       ,35.0,40.0,,1,1,0,SUNGROW,,,0,0,ACC_SGR,,117.0,65.0,18.0,0,0
Sermatec Parallel Box SMT-PB-10K,       ,655.0,655.0,,10,10,0,SERMATEC,,,0,0,ACC_SER,,350.0,130.0,570.0,0,0
Sermatec 10kW Three phase hybrid inverter - SMT-10,       ,990.0,990.0,,246,246,0,SERMATEC,,,0,10000,INV_SER,,550.0,188.0,548.0,0,0
SG10.0RT-V115,       ,802.0,802.0,,619,619,0,SUNGROW,,,0,10000,INV_SGR,,480.0,195.0,370.0,0,0
SG12.0RT-V115,       ,832.0,832.0,,15,15,0,SUNGROW,,,0,12000,INV_SGR,,480.0,195.0,370.0,0,0
SG12KTL-M,       ,1015.0,1015.0,,4,4,0,SUNGROW,,,0,12000,INV_SGR,,485.0,160.0,370.0,0,0
SG15.0RT-V115,       ,998.0,998.0,,403,403,0,SUNGROW,,,0,15000,INV_SGR,,480.0,195.0,370.0,0,0
SG17.0RT-V11,       ,1013.0,1013.0,,20,20,0,SUNGROW,,,0,17000,INV_SGR,,480.0,195.0,370.0,0,0
SG17.0RT-V115,       ,1013.0,1013.0,,37,37,0,SUNGROW,,,0,17000,INV_SGR,,480.0,195.0,370.0,0,0
SG250HX,       ,5400.0,5400.0,,1,1,0,SUNGROW,,,0,250000,INV_SGR,,660.0,363.0,1051.0,0,0
SG40CX-V112,       ,1776.0,1776.0,,16,16,0,SUNGROW,,,0,40000,INV_SGR,,645.0,310.0,782.0,0,0
SG5.0RT-V115_S,       ,665.0,665.0,,326,326,0,SUNGROW,,,0,5000,INV_SGR,,480.0,195.0,370.0,0,0
SG50CX-P2- V12_S,       ,1938.0,1938.0,,48,48,0,SUNGROW,,,0,50000,INV_SGR,,645.0,310.0,782.0,0,0
SG6.0RT-V115,       ,680.0,680.0,,365,365,0,SUNGROW,,,0,6000,INV_SGR,,480.0,195.0,370.0,0,0
SG6KTL-MT,       ,692.0,967.0,,2,2,0,SUNGROW,,,0,6000,INV_SGR,,485.0,160.0,370.0,0,0
SG8.0RT-V115,       ,690.0,690.0,,957,957,0,SUNGROW,,,0,8000,INV_SGR,,480.0,195.0,370.0,0,0
SGEYEM4,       ,122.0,122.0,,61,61,0,SUNGROW,,,0,0,ACC_SGR,,130.0,36.0,48.0,0,0
SGEYEM4,       ,112.0,113.0,,50,50,0,SUNGROW,,,0,0,ACC_SGR,,130.0,36.0,48.0,0,0
SH5.0RT,       ,1242.0,1242.0,,26,26,0,SUNGROW,,,0,5000,INV_SGR,,540.0,170.0,480.0,0,0
SH6.0RT,       ,1304.0,1306.0,,58,58,0,SUNGROW,,,0,6000,INV_SGR,,540.0,170.0,480.0,0,0
SH8.0RT,       ,1362.0,1362.0,,6,6,0,SUNGROW,,,0,8000,INV_SGR,,540.0,170.0,480.0,0,0
SH8.0RT,       ,1348.0,1348.0,,25,25,0,SUNGROW,,,0,8000,INV_SGR,,540.0,170.0,480.0,0,0
SmartFlower 50Hz SINGLE Phase - PORCELAIN colour,       ,26750.0,27180.0,,1,1,0,SMARTFLOWER,,,0,0,SMF_SMF,,1194.0,2692.0,1651.0,0,0
SmartFlower 50Hz 3-Phase - Amber colour,       ,28000.0,28430.0,,2,2,0,SMARTFLOWER,,,0,0,SMF_SMF,,1194.0,2692.0,1651.0,0,0
SmartFlower 50Hz 3-Phase - Porcelain colour,       ,26750.0,27180.0,,3,3,0,SMARTFLOWER,,,0,0,SMF_SMF,,1194.0,2692.0,1651.0,0,0
SmartFlower 50Hz SINGLE Phase - PEARL colour,       ,26750.0,27180.0,,1,1,0,SMARTFLOWER,,,0,0,SMF_SMF,,1194.0,2692.0,1651.0,0,0
SMARTLOGGER3000A03,       ,770.0,775.0,,3,3,0,HUAWEI,,,0,0,ACC_HUA,,160.0,44.0,225.0,0,0
SUN2000-450W-P2 Smart PV Optimizer,       ,26.0,26.0,,6,6,0,HUAWEI,,,0,0,ACC_HUA,,138.0,28.0,71.0,0,0
SUN2000-600W-P Smart PV Optimizer,       ,35.0,35.0,,923,923,0,HUAWEI,,,0,0,ACC_HUA,,138.0,28.0,71.0,0,0
SOFAR 50KTLX-G3,       ,1700.0,1700.0,,265,265,0,SOFAR,,,0,50000,INV_SOF,,585.0,220.0,480.0,0,0
SOFAR 50KTLX-G3 X2 + AC BOX,       ,3612.0,3731.0,,1,1,0,SOFAR,,,0,100000,INV_SOF,,585.0,220.0,480.0,0,0
Soluna_10K_HV_LFP,       ,3700.0,3700.0,,105,105,0,SOLUNA,,,0,0,BAT_SLN,,332.4,232.4,86.2,0,0
Soluna HV PARRALLEL BOX,       ,50.0,77.0,,22,22,0,SOLUNA,,,0,0,ACC_SLN,,232.4,86.2,332.4,0,0
SOLUNA_LIB_5KWH_BATT.,       ,1538.38,1538.38,,6,6,0,SOLUNA,,,0,0,BAT_SLN,,595.0,165.0,438.0,0,0
Soluna Liberty Battery rack,       ,1023.62,1023.62,,2,2,0,SOLUNA,,,0,0,ACC_SLN,,1340.0,650.0,600.0,0,0
Soluna_S4_EU-A36,       ,1557.32,1557.32,,2,2,0,SOLUNA,,,0,0,BAT_SLN,,700.0,340.0,1230.0,0,0
Soluna Battery Monitoring Wi-Fi Communication Stic,       ,36.0,36.0,,332,332,0,SOLUNA,,,0,0,ACC_SLN,,130.0,36.0,48.0,0,0
SUN2000-100KTL-M2,       ,3434.0,3434.0,,6,6,0,HUAWEI,,,0,100000,INV_HUA,,700.0,365.0,1035.0,0,0
SUN2000-10KTL-M1,       ,1256.0,1256.0,,8,8,0,HUAWEI,,,0,10000,INV_HUA,,470.0,166.0,525.0,0,0
SUN2000-10KTL-M1,       ,1256.0,1256.0,,2,2,0,HUAWEI,,,0,10000,INV_HUA,,470.0,166.0,525.0,0,0
SUN2000-12KTL-M5,       ,1323.0,1325.0,,16,16,0,HUAWEI,,,0,12000,INV_HUA,,460.0,228.0,546.0,0,0
SUN2000-15KTL-M5,       ,1323.0,1325.0,,1,1,0,HUAWEI,,,0,15000,INV_HUA,,460.0,228.0,546.0,0,0
SUN2000-17KTL-M2,       ,1595.0,1597.0,,7,7,0,HUAWEI,,,0,17000,INV_HUA,,470.0,262.0,525.0,0,0
SUN2000-25KTL-M5,       ,1666.0,1668.0,,3,3,0,HUAWEI,,,0,25000,INV_HUA,,470.0,262.0,525.0,0,0
SUN2000-33KTL,       ,1600.0,1602.0,,0,0,0,HUAWEI,,,0,30000,INV_HUA,,550.0,283.0,930.0,0,0
SUN2000-3KTL-L1,       ,513.0,515.0,,15,15,0,HUAWEI,,,0,3000,INV_HUA,,365.0,140.0,365.0,0,0
SUN2000-40KTL-M3,       ,2071.0,2071.0,,2,2,0,HUAWEI,,,0,40000,INV_HUA,,530.0,270.0,640.0,0,0
SUN2000-4KTL-M1,       ,799.0,799.0,,11,11,0,HUAWEI,,,0,4000,INV_HUA,,470.0,146.5,525.0,0,0
SUN2000-4KTL-M1,       ,799.0,799.0,,16,16,0,HUAWEI,,,0,4000,INV_HUA,,470.0,146.5,525.0,0,0
SUN2000-50KTL-M3,       ,2207.0,2207.0,,0,0,0,HUAWEI,,,0,50000,INV_HUA,,530.0,270.0,640.0,0,0
SUN2000-50KTL-M3,       ,2207.0,2207.0,,0,0,0,HUAWEI,,,0,50000,INV_HUA,,530.0,270.0,640.0,0,0
SUN2000-5KTL-L1,       ,680.0,682.0,,46,46,0,HUAWEI,,,0,5000,INV_HUA,,365.0,156.0,365.0,0,0
SUN2000-5KTL-M1,       ,843.0,843.0,,16,16,0,HUAWEI,,,0,5000,INV_HUA,,470.0,146.5,525.0,0,0
SUN2000-6KTL-L1,       ,779.0,781.0,,9,9,0,HUAWEI,,,0,6000,INV_HUA,,365.0,156.0,365.0,0,0
SUN2000-6KTL-M1,       ,949.0,951.0,,2,2,0,HUAWEI,,,0,6000,INV_HUA,,470.0,146.5,525.0,0,0
SUN2000-8KTL-M1,       ,1118.0,1118.0,,7,7,0,HUAWEI,,,0,8800,INV_HUA,,470.0,146.5,525.0,0,0
SUN2000L-2KTL-L1,       ,433.0,435.0,,1,1,0,HUAWEI,,,0,2000,INV_HUA,,365.0,156.0,365.0,0,0
Sungrow SBR Base + BMS,       ,314.0,314.0,,0,0,0,SUNGROW,,,0,0,BAT_SGR,,0.0,0.0,0.0,0,0
Sungrow SBR Base + BMS,       ,330.0,330.0,,2,0,0,SUNGROW,,,0,0,BAT_SGR,,0.0,0.0,0.0,0,0
Sungrow SBR Base + BMS,       ,330.0,330.0,,11,11,0,SUNGROW,,,0,0,BAT_SGR,,0.0,0.0,0.0,0,0
Sungrow SBR Base + BMS,       ,330.0,330.0,06/2024,6,0,0,SUNGROW,,,0,0,BAT_SGR,25,0.0,0.0,0.0,0,0
Sungrow_11kW AC charger AC011E-01,       ,416.0,416.0,,2,2,0,SUNGROW,,,0,0,EVC_SGR,,310.0,92.0,205.0,0,0
Sungrow_11kW AC charger AC011E-01,       ,45.0,45.0,,6,0,0,SUNGROW,,,0,0,EVC_SGR,,310.0,92.0,205.0,0,0
"Sungrow SBR Battery module 3,2 kWh",       ,950.0,950.0,,3,0,0,SUNGROW,,,0,0,BAT_SGR,,0.0,0.0,0.0,0,0
"Sungrow SBR Battery module 3,2 kWh",       ,986.0,986.0,,4,0,0,SUNGROW,,,0,0,BAT_SGR,,0.0,0.0,0.0,0,0
"Sungrow SBR Battery module 3,2 kWh",       ,986.0,986.0,,1,1,0,SUNGROW,,,0,0,BAT_SGR,,0.0,0.0,0.0,0,0
"Sungrow SBR Battery module 3,2 kWh",       ,986.0,986.0,06/2024,24,0,0,SUNGROW,,,0,0,BAT_SGR,25,0.0,0.0,0.0,0,0
SUNMAN CS MATERIAL,       ,0.86,0.91,,4733,4733,0,SUNMAN,,,0,0,ACC_SNM,,0.0,0.0,0.0,0,0
SUNMAN DIMA MS 8201 glue,       ,13.04,13.04,,124,124,0,SUNMAN,,,0,0,ACC_SNM,,0.0,0.0,0.0,0,0
SUNMAN Seal It 380 Multifast,       ,15.5,15.5,,829,829,0,SUNMAN,,,0,0,ACC_SNM,,0.0,0.0,0.0,0,0
SUNMAN TBS ButyI Tape 656,       ,40.04,40.04,,49,49,0,SUNMAN,,,0,0,ACC_SNM,,0.0,0.0,0.0,0,0
SUNMAN Tonsan 1527 glue,       ,9.54,9.54,,636,636,0,SUNMAN,,,0,0,ACC_SNM,,0.0,0.0,0.0,0,0
SUNMAN_SMF430F,       ,0.31,0.31,,2,2,0,SUNMAN,SF,FLEXIBLE,430,0,PAN_SNM,,1080.0,2.0,2054.0,1320,66
SUNMAN_SMF430F,       ,0.29,0.295,,0,0,0,SUNMAN,SF,FLEXIBLE,430,0,PAN_SNM,,1080.0,2.0,2054.0,1320,66
SUNPORT SPP375QHES-B,       ,0.36,0.41000000000000003,,46,46,0,SUNPORT,FB,FLEXIBLE,375,0,PAN_SPR,,1040.0,2.5,1840.0,1104,46
SUNPORT SPP380QHES,       ,0.35000000000000003,0.4,,46,46,0,SUNPORT,SF,FLEXIBLE,380,0,PAN_SPR,,1040.0,2.5,1840.0,1104,46
Tigo Access Point (TAP),       ,29.9,29.9,,16,16,0,TIGO,,,0,0,ACC_TIG,,130.0,26.8,126.2,0,0
T-BAT 5.8 HV11550,       ,1860.0,1865.0,,3,3,0,SOLAX,,,0,0,BAT_SLX,,193.0,647.0,474.0,0,0
THREE PHASE ENERGY METER DTSD 1352-C (6) A,       ,65.0,67.0,,0,0,0,SUNGROW,,,0,0,ACC_SGR,,70.0,89.0,127.0,0,0
Tigo CCA kit,       ,125.0,125.0,,215,215,0,TIGO,,,0,0,ACC_TIG,,115.0,278.4,203.0,0,0
Antai_Tile Roof Hook L=140 W30,       ,3.75,3.75,,980,980,0,ANTAI,,,0,0,CON_ANT,,0.0,0.0,0.0,0,0
TRINA_DE09R.05_415W_Full black,       ,0.10400000000000001,0.109,,672,672,0,TRINA,FB,GLASS,415,0,PAN_TRI,,1134.0,30.0,1762.0,936,36
TRINA_DE09R.08_425W,       ,0.107,0.112,,5,5,0,TRINA,BF,GLASS,425,0,PAN_TRI,,1134.0,30.0,1762.0,936,36
TRINA_DE09R.08_430W,       ,0.196,0.196,,13,13,0,TRINA,BF,GLASS,430,0,PAN_TRI,,1134.0,30.0,1762.0,936,36
TRINA_DE09R.08W_415W,       ,0.222,0.222,,91,91,0,TRINA,BF,GLASS,415,0,PAN_TRI,,1134.0,30.0,1762.0,936,36
TRINA_DEG09R.08_420W_DUALGLASS,       ,0.246,0.246,,13,13,0,TRINA,BF,2GLASS,420,0,PAN_TRI,,1134.0,30.0,1762.0,936,36
TRINA_NEG9R.28_430W_DUALGLASS,       ,0.24,0.24,,12,12,0,TRINA,BF,2GLASS,430,0,PAN_TRI,,1134.0,30.0,1762.0,936,36
TRINA_NEG9R.28_435W_DUALGLASS,       ,0.165,0.165,,2,2,0,TRINA,BF,2GLASS,435,0,PAN_TRI,,1134.0,30.0,1762.0,936,36
TRINA_NEG9R.28_435W_DUALGLASS,       ,0.125,0.13,,0,0,5616,TRINA,BF,2GLASS,435,0,PAN_TRI,,1134.0,30.0,1762.0,936,36
TRINA_NEG9R.28 n type 440 I-Topcon DualGlass,       ,0.122,0.127,06/2024,936,0,0,TRINA,BF,2GLASS,440,0,PAN_TRI,23,1134.0,30.0,1762.0,936,36
TRINA_NEG9R.28 n type 445 I-Topcon DualGlass,       ,0.132,0.137,,762,762,0,TRINA,BF,2GLASS,445,0,PAN_TRI,,1134.0,30.0,1762.0,936,36
TRINA_NEG9R.28 n type 445 I-Topcon DualGlass,       ,0.122,0.127,06/2024,2808,936,0,TRINA,BF,2GLASS,445,0,PAN_TRI,23,1134.0,30.0,1762.0,936,36
TRINA_NEG9R.28 n type 445 I-Topcon DualGlass,       ,0.122,0.127,05/2024,3744,0,0,TRINA,BF,2GLASS,445,0,PAN_TRI,22,1134.0,30.0,1762.0,936,36
TRINA_NEG9R.28 n type 445 I-Topcon DualGlass,       ,0.122,0.127,06/2024,1872,0,0,TRINA,BF,2GLASS,445,0,PAN_TRI,25,1134.0,30.0,1762.0,936,36
TRINA_NEG9R.28 n type 445 I-Topcon DualGlass,       ,0.122,0.127,06/2024,2808,0,0,TRINA,BF,2GLASS,445,0,PAN_TRI,25,1134.0,30.0,1762.0,936,36
TRINA_NEG9R.28 n type 445 I-Topcon DualGlass,       ,0.122,0.127,06/2024,3744,0,0,TRINA,BF,2GLASS,445,0,PAN_TRI,25,1134.0,30.0,1762.0,936,36
TRINA_NEG9R.28 n type 445 I-Topcon DualGlass,       ,0.122,0.127,06/2024,2808,0,0,TRINA,BF,2GLASS,445,0,PAN_TRI,25,1134.0,30.0,1762.0,936,36
TRINA_NEG9R.28 n type 445 I-Topcon DualGlass,       ,0.11900000000000001,0.124,07/2024,3744,0,0,TRINA,BF,2GLASS,445,0,PAN_TRI,28,1134.0,30.0,1762.0,936,36
TRINA_NEG9R.28 n type 445 I-Topcon DualGlass,       ,0.129,0.134,09/2024,3744,0,0,TRINA,BF,2GLASS,445,0,PAN_TRI,37,1134.0,30.0,1762.0,936,36
TRINA_NEG9R.28 n type 445 I-Topcon DualGlass,       ,0.129,0.134,08/2024,6552,0,0,TRINA,BF,2GLASS,445,0,PAN_TRI,32,1134.0,30.0,1762.0,936,36
TRINA_NEG9RC.27 n type 430 I-Topcon Bifacial DualG,       ,0.135,0.14,06/2024,936,0,0,TRINA,BF,2GLASS,430,0,PAN_TRI,25,1134.0,30.0,1762.0,936,36
TRINA_NEG9RC.27 n type 435 I-Topcon Bifacial DualG,       ,0.14100000000000001,0.14300000000000002,,279,279,0,TRINA,BF,BIF,435,0,PAN_TRI,,1134.0,30.0,1762.0,936,36
TRINA_NEG9RC.27 n type 435 I-Topcon Bifacial DualG,       ,0.138,0.14300000000000002,,1346,1346,0,TRINA,BF,BIF,435,0,PAN_TRI,,1134.0,30.0,1762.0,936,36
TRINA_NEG9RC.27 n type 435 I-Topcon Bifacial DualG,       ,0.127,0.132,06/2024,4680,0,0,TRINA,BF,BIF,435,0,PAN_TRI,24,1134.0,30.0,1762.0,936,36
TRINA_NEG9RC.27 n type 435 I-Topcon Bifacial DualG,       ,0.121,0.126,07/2024,4680,0,0,TRINA,BF,BIF,435,0,PAN_TRI,27,1134.0,30.0,1762.0,936,36
TRINA_NEG9RC.27 n type 435 I-Topcon Bifacial DualG,       ,0.121,0.126,07/2024,3744,0,0,TRINA,BF,BIF,435,0,PAN_TRI,30,1134.0,30.0,1762.0,936,36
TRINA_NEG9RC.27 n type 435 I-Topcon Bifacial DualG,       ,0.135,0.14,09/2024,1872,0,0,TRINA,BF,BIF,435,0,PAN_TRI,36,1134.0,30.0,1762.0,936,36
TRINA_NEG9RC.27 n type 435 I-Topcon Bifacial DualG,       ,0.135,0.14,09/2024,2808,0,0,TRINA,BF,BIF,435,0,PAN_TRI,39,1134.0,30.0,1762.0,936,36
TRINA_NEG9RC.27 n type 435 I-Topcon Bifacial DualG,       ,0.135,0.14,08/2024,1872,0,0,TRINA,BF,BIF,435,0,PAN_TRI,31,1134.0,30.0,1762.0,936,36
TRINA_NEG9RC.27 n type 435 I-Topcon Bifacial DualG,       ,0.135,0.14,08/2024,1872,0,0,TRINA,BF,BIF,435,0,PAN_TRI,34,1134.0,30.0,1762.0,936,36
TRINA_TSM-550DE19,       ,0.294,0.294,,19,19,0,TRINA,SF,GLASS,550,0,PAN_TRI,,1096.0,35.0,2384.0,620,31
TRINA_TSM-555DE19,       ,0.293,0.293,,16,16,0,TRINA,SF,GLASS,555,0,PAN_TRI,,1096.0,35.0,2384.0,620,31
TRINA_TSM-650_DEG21C.20,       ,0.161,0.161,,66,66,0,TRINA,BF,BIF,650,0,PAN_TRI,,1303.0,33.0,2384.0,594,33
TS4-A-O Tigo Optimizer,       ,27.3,27.3,,0,0,0,TIGO,,,0,0,ACC_TIG,,139.7,22.9,138.4,0,0
TW-400W- MAP-108-H-FULL BLACK,       ,0.22,0.22,,1,1,0,TONGWEI,FB,GLASS,400,0,PAN_TON,,1134.0,30.0,1722.0,936,36
TW-410W MAP-108-H-S BF,       ,0.165,0.165,,612,612,0,TONGWEI,BF,GLASS,410,0,PAN_TON,,1134.0,30.0,1722.0,936,36
Wallbox Cable holder - metallic / black,       ,32.72,33.4,,29,29,0,WALLBOX,,,0,0,EVC_WAL,,0.0,0.0,0.0,0,0
Wallbox Cable holder - metallic / white,       ,32.72,33.4,,25,25,0,WALLBOX,,,0,0,EVC_WAL,,0.0,0.0,0.0,0,0
Wallbox Power Meter - EM112,       ,75.65,77.05,,9,9,0,WALLBOX,,,0,0,EVC_WAL,,63.0,90.0,35.0,0,0
Wallbox Power Meter - EM340,       ,143.65,152.65,,4,4,0,WALLBOX,,,0,0,EVC_WAL,,90.0,63.0,54.0,0,0
Nanocarport_Y Design Waterproof Carport 3x10 4cars,       ,2673.0,2673.0,,4,4,0,ANTAI,,,0,0,CON_ANT,,0.0,0.0,0.0,0,0
Nanocarport_Y Design Waterproof Carport 3x5 2 cars,       ,1866.76,1866.76,,6,6,0,ANTAI,,,0,0,CON_ANT,,0.0,0.0,0.0,0,0
SUNGROW WiNet-S,       ,65.0,70.0,,4,4,0,SUNGROW,,,0,0,ACC_SGR,,132.0,36.0,48.0,0,0
SUNGROW WiNet-S,       ,50.0,52.0,,77,77,0,SUNGROW,,,0,0,ACC_SGR,,132.0,36.0,48.0,0,0
X3-HYBRID-10KW,       ,1659.0,1664.0,,9,9,0,SOLAX,,,0,10000,INV_SLX,,503.0,199.0,503.0,0,0
Smartflower Spare Parts Kit Large,       ,0.0,0.0,,1,1,0,SMARTFLOWER,,,0,0,ACC_SMF,,0.0,0.0,0.0,0,0
AVANCIS SKALA 70W G001,       ,230.0,230.0,,1,1,0,AVANCIS,FF_ANTHRACITE,,70,0,PAN_AVC,,664.0,38.0,1587.0,0,20
AVANCIS SKALA 120W 3002 Gold,       ,2.1667,2.1667,,1,1,0,AVANCIS,FF_GOLD,,120,0,PAN_AVC,,664.0,38.0,1587.0,0,20
JAM72S30-545-MR-SF 35MM,       ,0.11,0.115,,1,1,0,JASOLAR,SF,GLASS,545,0,PAN_JAS,,1134.0,35.0,2279.0,0,31
LR5-54HTH-440M,       ,0.1246,0.1296,,852,852,0,LONGI,BF,GLASS,440,0,PAN_LON,,1134.0,30.0,1722.0,936,36
LR5-54HTH-440M,       ,0.12190000000000001,0.1269,07/2024,2520,648,0,LONGI,BF,GLASS,440,0,PAN_LON,27,1134.0,30.0,1722.0,936,36
LR5-72HTH-570M,       ,0.1187,0.1237,,3,3,3100,LONGI,SF,GLASS,570,0,PAN_LON,,1134.0,35.0,2278.0,620,31
JAM72D40-575-MB,       ,0.12,0.125,,28,28,0,JASOLAR,SF,BIF,575,0,PAN_JAS,,1134.0,30.0,2278.0,720,36
JAM72D40-580-MB,       ,0.11660000000000001,0.1216,04/2024,3600,0,0,JASOLAR,SF,BIF,580,0,PAN_JAS,14,1134.0,30.0,2278.0,720,36
JAM72D40-580-MB,       ,0.11660000000000001,0.1216,06/2024,2880,0,0,JASOLAR,SF,BIF,580,0,PAN_JAS,24,1134.0,30.0,2278.0,720,36
JAM72D40-580-MB,       ,0.116,0.116,05/2024,5760,0,0,JASOLAR,SF,BIF,580,0,PAN_JAS,20,1134.0,30.0,2278.0,720,36
JAM72D40-580-MB,       ,0.12,0.125,,3,3,0,JASOLAR,SF,BIF,580,0,PAN_JAS,,1134.0,30.0,2278.0,720,36
JAM54S31-410-MR-ALLBLACK,       ,0.11,0.115,,83,83,0,JASOLAR,FB,GLASS,410,0,PAN_JAS,,1134.0,30.0,1722.0,936,36
JAM54S31-410-MR-ALLBLACK,       ,0.11,0.115,,36,36,0,JASOLAR,FB,GLASS,410,0,PAN_JAS,,1134.0,30.0,1722.0,936,36
AVANCIS SKALA 135W G001 Anthracite,       ,1.9259,1.9259,,1,1,0,AVANCIS,FF_DARK_BLUE,,135,0,PAN_AVC,,664.0,38.0,1587.0,0,20
RISING-AIR-PPS5000 Portable power station,       ,2530.0,2530.0,,1,1,0,RISING_AIR,,,5000,2200,PPS_RSG,,280.0,386.5,420.0,0,0
RISING-AIR-PPS5000 Portable power station,       ,2530.0,2530.0,,1,1,0,RISING_AIR,,,5000,2200,PPS_RSG,,280.0,386.5,420.0,0,0
JAM54D40-440-LB-BF,       ,0.12,0.125,,0,0,0,JASOLAR,BF,2GLASS,440,0,PAN_JAS,,1762.0,30.0,1134.0,936,36
JAM54D40-435-LB-BF,       ,0.11800000000000001,0.123,,0,0,2808,JASOLAR,BF,2GLASS,435,0,PAN_JAS,,1134.0,30.0,1722.0,936,36
JAM54D40-435-LB-BF,       ,0.122,0.127,06/2024,5220,540,0,JASOLAR,BF,2GLASS,435,0,PAN_JAS,23,1134.0,30.0,1722.0,936,36
LR5-72HTH-575M,       ,0.12510000000000002,0.1301,,0,0,1240,LONGI,SF,GLASS,575,0,PAN_LON,,1134.0,35.0,2278.0,620,31
LR5-72HTH-575M,       ,0.12510000000000002,0.1301,03/2024,847,847,3100,LONGI,SF,GLASS,575,0,PAN_LON,12,1134.0,35.0,2278.0,620,31
LR5-72HTH-575M,       ,0.1217,0.1267,06/2024,3720,0,0,LONGI,SF,GLASS,575,0,PAN_LON,24,1134.0,35.0,2278.0,620,31
LR5-66HTH-525W,       ,0.12510000000000002,0.1301,,590,590,2046,LONGI,BF,GLASS,525,0,PAN_LON,,1134.0,35.0,2094.0,682,31
LR5-66HTH-525W,       ,0.1217,0.1267,07/2024,5456,0,0,LONGI,BF,GLASS,525,0,PAN_LON,28,1134.0,35.0,2094.0,682,31
SG125CX-P2-V113_S,       ,3788.0,3788.0,,12,12,0,SUNGROW,,,0,125000,INV_SGR,,795.0,360.0,1020.0,0,0
JAM54S30-425-LR-BF,       ,0.105,0.11,,12,12,0,JASOLAR,BF,GLASS,425,0,PAN_JAS,,1134.0,30.0,1722.0,936,36
JAM72D30-560-LB,       ,0.105,0.11,03/2024,720,0,0,JASOLAR,SF,2GLASS,560,0,PAN_JAS,13,1052.0,35.0,2117.0,620,31
"SolarEdge optimizer S1000-1GM4MBT, cable 4.8m",       ,59.95,59.95,,6,6,0,SOLAR_EDGE,,,0,0,ACC_SEG,,165.0,129.0,52.0,0,0
AHW-160HEDS1 Heat Pump Outdoor Unit,       ,2023.0,2065.0,,2,2,0,HISENSE,,,0,0,HEP_HIS,,0.0,0.0,0.0,0,0
AHM-160HEDSAA Heat Pump Internal Unit,       ,1172.0,1200.0,,2,2,0,HISENSE,,,0,0,HEP_HIS,,0.0,0.0,0.0,0,0
HCT-S01E Temperature sensor for installation,       ,30.0,35.0,,3,3,0,HISENSE,,,0,0,ACC_HIS,,0.0,0.0,0.0,0,0
HESE-3W25A Threeway directional valve,       ,109.0,115.0,,4,4,0,HISENSE,,,0,0,ACC_HIS,,0.0,0.0,0.0,0,0
HSXE-VC04 Room thermostat,       ,76.0,80.0,,6,6,0,HISENSE,,,0,0,ACC_HIS,,0.0,0.0,0.0,0,0
HC-T-01M Ambient temperature sensor,       ,30.0,35.0,,9,9,0,HISENSE,,,0,0,ACC_HIS,,0.0,0.0,0.0,0,0
HTS-E1000A1 Water Temperature sensor,       ,30.0,35.0,,9,9,0,HISENSE,,,0,0,ACC_HIS,,0.0,0.0,0.0,0,0
HCCS-H64H2C1M HI-MIT (ATW) Wifi Module,       ,95.0,100.0,,9,9,0,HISENSE,,,0,0,ACC_HIS,,0.0,0.0,0.0,0,0
TRINA_NEG9R.28 n type 450 I-Topcon DualGlass,       ,0.122,0.127,06/2024,9159,735,0,TRINA,BF,2GLASS,450,0,PAN_TRI,25,1134.0,30.0,1762.0,936,36
TRINA_NEG9R.28 n type 450 I-Topcon DualGlass,       ,0.122,0.127,06/2024,2808,0,0,TRINA,BF,2GLASS,450,0,PAN_TRI,25,1134.0,30.0,1762.0,936,36
TRINA_NEG9R.28 n type 450 I-Topcon DualGlass,       ,0.122,0.127,07/2024,4680,0,0,TRINA,BF,2GLASS,450,0,PAN_TRI,29,1134.0,30.0,1762.0,936,36
TRINA_NEG9R.28 n type 450 I-Topcon DualGlass,       ,0.122,0.127,07/2024,5616,0,0,TRINA,BF,2GLASS,450,0,PAN_TRI,30,1134.0,30.0,1762.0,936,36
TRINA_NEG9R.28 n type 450 I-Topcon DualGlass,       ,0.132,0.137,09/2024,7488,0,0,TRINA,BF,2GLASS,450,0,PAN_TRI,36,1134.0,30.0,1762.0,936,36
TRINA_NEG9R.28 n type 450 I-Topcon DualGlass,       ,0.132,0.137,09/2024,7488,0,0,TRINA,BF,2GLASS,450,0,PAN_TRI,37,1134.0,30.0,1762.0,936,36
TRINA_NEG9R.28 n type 450 I-Topcon DualGlass,       ,0.132,0.137,09/2024,8424,0,0,TRINA,BF,2GLASS,450,0,PAN_TRI,39,1134.0,30.0,1762.0,936,36
TRINA_NEG9R.28 n type 450 I-Topcon DualGlass,       ,0.132,0.137,08/2024,7488,0,0,TRINA,BF,2GLASS,450,0,PAN_TRI,32,1134.0,30.0,1762.0,936,36
TRINA_NEG9R.28 n type 450 I-Topcon DualGlass,       ,0.132,0.137,08/2024,7488,0,0,TRINA,BF,2GLASS,450,0,PAN_TRI,34,1134.0,30.0,1762.0,936,36
Solinteg RMK-5A Three phase smart meter,       ,85.0,95.0,,6,6,0,SOLINTEG,,,0,0,ACC_SLG,,85.0,54.0,75.0,0,0
Solinteg RMK-MA 120 three phase smart meter,       ,74.0,84.0,,1,1,0,SOLINTEG,,,0,0,ACC_SLG,,85.0,54.0,75.0,0,0
Solinteg LAN Module Integ R,       ,17.0,27.0,,13,13,0,SOLINTEG,,,0,0,ACC_SLG,,51.0,35.0,123.0,0,0
JAM78S30-585/MR,       ,0.122,0.12250000000000001,,43,43,0,JASOLAR,SF,GLASS,585,0,PAN_JAS,,1134.0,35.0,2465.0,496,31
LONGI LR5-72HGD-575W,       ,0.116,0.121,07/2024,720,0,0,LONGI,SF,BIF,575,0,PAN_LON,29,1134.0,30.0,2278.0,720,36
SG350HX-V115,       ,6969.0,6969.0,,6,6,0,SUNGROW,,,0,350000,INV_SGR,,870.0,361.0,1136.0,0,1
AHM-060HCDSAA Heat pump Internal Unit 1 pc 0%,       ,1228.0,1260.0,,1,1,0,HISENSE,,,0,0,HEP_HIS,,0.0,0.0,0.0,0,0
AHW-060HCDS1 Heat Pump Outdoor Unit,       ,804.0,820.0,,1,1,0,HISENSE,,,0,0,HEP_HIS,,0.0,0.0,0.0,0,0
AHM-080HCDSAA Heat Pump Internal Unit,       ,1384.0,1415.0,,1,1,0,HISENSE,,,0,0,HEP_HIS,,0.0,0.0,0.0,0,0
AHW-080HCDS1 Heat Pump Outdoor Unit,       ,811.0,830.0,,1,1,0,HISENSE,,,0,0,HEP_HIS,,0.0,0.0,0.0,0,0
AHW-100HEDS1 Heat Pump Outdoor Unit,       ,1730.0,1765.0,,1,1,0,HISENSE,,,0,0,HEP_HIS,,0.0,0.0,0.0,0,0
AHM-100HEDSAA Heat Pump Internal Unit,       ,952.0,975.0,,1,1,0,HISENSE,,,0,0,HEP_HIS,,0.0,0.0,0.0,0,0
AHW-140HEDS1 Heat Pump Outdoor Unit,       ,1987.0,2030.0,,1,1,0,HISENSE,,,0,0,HEP_HIS,,0.0,0.0,0.0,0,0
AHM-140HEDSAA Heat Pump Internal Unit,       ,1080.0,1110.0,,1,1,0,HISENSE,,,0,0,HEP_HIS,,0.0,0.0,0.0,0,0
AHZ-080HCDS1 Heat Pump Outdoor Unit,       ,1927.0,1970.0,,1,1,0,HISENSE,,,0,0,HEP_HIS,,0.0,0.0,0.0,0,0
JAM54D40-445-LB-BF,       ,0.113,0.11800000000000001,04/2024,3,3,0,JASOLAR,BF,2GLASS,445,0,PAN_JAS,16,1762.0,30.0,1134.0,936,36
JAM54D40-445-LB-BF,       ,0.113,0.11800000000000001,05/2024,0,0,0,JASOLAR,BF,2GLASS,445,0,PAN_JAS,18,1762.0,30.0,1134.0,936,36
JAM54D40-445-LB-BF,       ,0.113,0.11800000000000001,05/2024,18720,0,0,JASOLAR,BF,2GLASS,445,0,PAN_JAS,19,1762.0,30.0,1134.0,936,36
SG125CX-P2-V112_S,       ,3788.0,3788.0,,11,11,0,SUNGROW,,,0,125000,INV_SGR,,795.0,360.0,1020.0,0,0
JAM54D41-440-LB-ALL BLACK,       ,0.11800000000000001,0.123,06/2024,9720,0,0,JASOLAR,FB,2GLASS,440,0,PAN_JAS,22,1134.0,30.0,1762.0,936,36
JAM66S30-505-MR BF,       ,0.105,0.11,05/2024,4420,460,0,JASOLAR,BF,GLASS,505,0,PAN_JAS,20,1134.0,30.0,2093.0,792,36
JAM66S30-505-MR BF,       ,0.105,0.11,05/2024,7128,0,0,JASOLAR,BF,GLASS,505,0,PAN_JAS,20,1134.0,30.0,2093.0,792,36
SH15T-V11,       ,2242.0,2242.0,,1,1,0,SUNGROW,,,0,15000,INV_SGR,,620.0,480.0,245.0,0,0
JAM72D42-630-LB,       ,0.113,0.11800000000000001,03/2024,496,0,0,JASOLAR,SF,BIF,630,0,PAN_JAS,13,1134.0,35.0,2465.0,496,31
JAM72D40-585-MB,       ,0.11660000000000001,0.1216,05/2024,5560,520,0,JASOLAR,SF,BIF,585,0,PAN_JAS,20,1134.0,30.0,2278.0,720,36
JAM72D40-585-MB,       ,0.11660000000000001,0.1216,06/2024,10800,0,0,JASOLAR,SF,BIF,585,0,PAN_JAS,24,1134.0,30.0,2278.0,720,36
Nanocarport_Y Design Waterproof Carport 3x3 1 car,       ,1411.23,1411.23,,5,5,0,ANTAI,,,0,0,CON_ANT,,0.0,0.0,0.0,0,0
JINKO JKM435N-54HL4R-BDV Tiger NEO N-TYPE / BF,       ,0.127,0.127,04/2024,2700,0,0,JINKO,BF,BIF,435,0,PAN_JIN,16,1134.0,30.0,1762.0,936,36
JINKO JKM430N-54HL4R-BDV Tiger NEO N-TYPE / BF,       ,0.13,0.135,04/2024,4680,0,0,JINKO,BF,BIF,430,0,PAN_JIN,18,1134.0,30.0,1762.0,936,36
JINKO JKM54HL4R-B 440W ALLBLACK Tiger NEO N-TYPE,       ,0.125,0.125,06/2024,0,0,0,JINKO,FB,GLASS,440,0,PAN_JIN,26,1134.0,30.0,1762.0,936,36
JINKO-JKM625N-78HL4-BDV Bifacial Ntype / SF,       ,0.13,0.13,05/2024,1728,0,0,JINKO,SF,BIF,625,0,PAN_JIN,21,2465.0,30.0,1134.0,576,36
JINKO-JKM585N-72HL4-BDV Bifacial Ntype / SF,       ,0.13,0.13,05/2024,2160,0,0,JINKO,SF,BIF,585,0,PAN_JIN,22,2278.0,30.0,1134.0,720,36
JINKO-JKM580N-72HL4-BDV Bifacial Ntype / SF,       ,0.12,0.12,05/2024,3600,0,0,JINKO,SF,BIF,580,0,PAN_JIN,22,2278.0,30.0,1134.0,720,36
JINKO JKM445N-54HL4 Black Frame / TIGER NEO N-TYPE,       ,0.115,0.115,06/2024,4680,0,0,JINKO,BF,GLASS,445,0,PAN_JIN,25,1762.0,30.0,1134.0,936,36
JINKO JKM450N-54HL4 Black Frame / TIGER NEO N-TYPE,       ,0.115,0.115,06/2024,4680,0,0,JINKO,BF,GLASS,450,0,PAN_JIN,25,1762.0,30.0,1134.0,936,36
JINKO JKM480N-60HL4 Black Frame / TIGER NEO N-TYPE,       ,0.115,0.115,06/2024,4320,0,0,JINKO,BF,GLASS,480,0,PAN_JIN,26,1906.0,30.0,1134.0,864,36
JINKO JKM585N-72HL4 TIGER NEO N-TYPE / SF,       ,0.115,0.115,06/2024,1240,0,0,JINKO,SF,GLASS,585,0,PAN_JIN,26,2278.0,30.0,1134.0,620,31
Sungrow AC Plate for SG125CX-P2 (5-holes),       ,17.0,17.0,,4,4,0,SUNGROW,,,0,0,ACC_SGR,,0.0,0.0,0.0,0,0
ANTAI_C0402-CJ025-73 L Feet Kit with M10X300 Hange,       ,2.42,2.42,,1000,1000,0,ANTAI,,,0,0,CON_ANT,,0.0,0.0,0.0,0,0
ANTAI_FENCE_SOLAR sample,       ,350.0,350.0,,1,1,0,ANTAI,,,0,0,CON_ANT,,0.0,0.0,0.0,0,0
ANTAI_RAIL_CAP B0603-NW024DG-01,       ,0.91,0.91,,120,120,0,ANTAI,,,0,0,CON_ANT,,0.0,0.0,0.0,0,0
ANTAI_BEAM_CAP B0603-TYN258DG-01,       ,0.93,0.93,,70,70,0,ANTAI,,,0,0,CON_ANT,,0.0,0.0,0.0,0,0
LR5-66HTH-520W,       ,0.1217,0.1267,07/2024,2728,0,0,LONGI,BF,GLASS,520,0,PAN_LON,28,1134.0,35.0,2094.0,682,31
LR5-54HTD-430M Bifacial,       ,0.12090000000000001,0.1259,07/2024,4680,0,0,LONGI,BF,BIF,430,0,PAN_LON,28,1134.0,30.0,1722.0,936,36
LR5-54HTD-435M Bifacial,       ,0.12380000000000001,0.1288,07/2024,4680,0,0,LONGI,BF,BIF,435,0,PAN_LON,28,1134.0,30.0,1722.0,936,36
AVANCIS SKALA 135W 7004 Light Blue,       ,1.9259,2.0741,03/2024,1,0,0,AVANCIS,FF_LIGHT_BLUE,,135,0,PAN_AVC,12,664.0,38.0,1587.0,0,20
"TS4-A-2F, 20A (Isc), 1000W Rapid shutdown",       ,30.78,30.78,,996,996,0,TIGO,,,0,0,ACC_TIG,,139.7,22.9,138.4,0,0
"TS4-A-2F,25A (Isc), 1400W Rapid shutdown",       ,32.42,32.42,,3431,3431,0,TIGO,,,0,0,ACC_TIG,,139.7,22.9,138.4,0,0
"Transmitter 120/240VAC PS, Outdoor Enclosure kit",       ,81.0,81.0,,79,79,0,TIGO,,,0,0,ACC_TIG,,130.0,26.8,126.2,0,0
"Transmitter,Dual Core, Pure Signal RSS , Din  Rail",       ,30.76,30.76,,139,139,0,TIGO,,,0,0,ACC_TIG,,130.0,26.8,126.2,0,0
SH25T-V11,       ,2677.0,2677.0,,1,1,0,SUNGROW,,,0,25000,INV_SGR,,620.0,480.0,245.0,0,0
JAM54D40-440-GB-BF,       ,0.113,0.11800000000000001,06/2024,4680,0,0,JASOLAR,BF,2GLASS,440,0,PAN_JAS,23,1722.0,30.0,1134.0,936,36
JAM54D41-435-GB-ALL BLACK,       ,0.123,0.128,06/2024,2628,0,0,JASOLAR,FB,2GLASS,435,0,PAN_JAS,24,1722.0,1134.0,30.0,936,36
HTU LED screen  Model:P2.0,       ,8756.0,8756.0,,1,1,0,HTU,,,0,0,ACC_HTU,,320.0,358.0,520.0,0,0
CHSM54M-HC-395W,       ,0.09,0.09,04/2024,1,0,0,ASTROENERGY,BF,,395,0,PAN_AST,16,1708.0,1133.0,30.0,936,36
TRINA_NEG9R.28 n type 455 I-Topcon DualGlass,       ,0.129,0.134,07/2024,0,0,0,TRINA,BF,2GLASS,455,0,PAN_TRI,28,1134.0,30.0,1762.0,936,36
TRINA_NEG9R.28 n type 455 I-Topcon DualGlass,       ,0.11900000000000001,0.124,06/2024,936,0,0,TRINA,BF,2GLASS,455,0,PAN_TRI,26,1134.0,30.0,1762.0,936,36
TRINA_NEG9R.28 n type 455 I-Topcon DualGlass,       ,0.125,0.13,07/2024,2808,0,0,TRINA,BF,2GLASS,455,0,PAN_TRI,29,1134.0,30.0,1762.0,936,36
TRINA_NEG9R.28 n type 455 I-Topcon DualGlass,       ,0.122,0.127,07/2024,1872,0,0,TRINA,BF,2GLASS,455,0,PAN_TRI,29,1134.0,30.0,1762.0,936,36
TRINA_NEG9R.28 n type 455 I-Topcon DualGlass,       ,0.134,0.139,09/2024,8424,0,0,TRINA,BF,2GLASS,455,0,PAN_TRI,36,1134.0,30.0,1762.0,936,36
TRINA_NEG9R.28 n type 455 I-Topcon DualGlass,       ,0.134,0.139,09/2024,7488,0,0,TRINA,BF,2GLASS,455,0,PAN_TRI,39,1134.0,30.0,1762.0,936,36
TRINA_NEG9R.28 n type 455 I-Topcon DualGlass,       ,0.134,0.139,08/2024,4680,0,0,TRINA,BF,2GLASS,455,0,PAN_TRI,32,1134.0,30.0,1762.0,936,36
TRINA_NEG9R.28 n type 455 I-Topcon DualGlass,       ,0.134,0.139,08/2024,4680,0,0,TRINA,BF,2GLASS,455,0,PAN_TRI,34,1134.0,30.0,1762.0,936,36
TRINA_NEG9RC.27 n type 440 I-Topcon Bifacial DualG,       ,0.124,0.129,07/2024,4680,0,0,TRINA,BF,BIF,440,0,PAN_TRI,28,1134.0,30.0,1762.0,936,36
TRINA_NEG9RC.27 n type 440 I-Topcon Bifacial DualG,       ,0.124,0.129,07/2024,5616,0,0,TRINA,BF,BIF,440,0,PAN_TRI,30,1134.0,30.0,1762.0,936,36
TRINA_NEG9RC.27 n type 440 I-Topcon Bifacial DualG,       ,0.137,0.14200000000000002,09/2024,2808,0,0,TRINA,BF,BIF,440,0,PAN_TRI,36,1134.0,30.0,1762.0,936,36
TRINA_NEG9RC.27 n type 440 I-Topcon Bifacial DualG,       ,0.137,0.14200000000000002,09/2024,2808,0,0,TRINA,BF,BIF,440,0,PAN_TRI,38,1134.0,30.0,1762.0,936,36
TRINA_NEG9RC.27 n type 440 I-Topcon Bifacial DualG,       ,0.137,0.14200000000000002,08/2024,2808,0,0,TRINA,BF,BIF,440,0,PAN_TRI,33,1134.0,30.0,1762.0,936,36
TRINA_NEG9RC.27 n type 440 I-Topcon Bifacial DualG,       ,0.137,0.14200000000000002,08/2024,1872,0,0,TRINA,BF,BIF,440,0,PAN_TRI,35,1134.0,30.0,1762.0,936,36
"AVW-34HJFH, H-Series, HISENSE",       ,965.9,1000.0,04/2024,1,0,0,HISENSE,,,0,0,ARC_HIS,16,0.0,0.0,0.0,0,0
"AVS-07HJFTDD (New DC-TD panel), HISENSE",       ,200.0,200.0,04/2024,3,0,0,HISENSE,,,0,0,ARC_HIS,16,0.0,0.0,0.0,0,0
"AVY-07UXJSJA + panel, HISENSE",       ,421.23,450.0,04/2024,2,0,0,HISENSE,,,0,0,ARC_HIS,16,0.0,0.0,0.0,0,0
TRINA_NEG9R.25_440W Full black,       ,0.129,0.134,09/2024,3744,0,0,TRINA,FB,GLASS,440,0,PAN_TRI,37,1134.0,30.0,1762.0,936,36
TRINA_NEG9R.25_435W Full black,       ,0.126,0.131,07/2024,3744,0,0,TRINA,FB,GLASS,435,0,PAN_TRI,28,1134.0,30.0,1762.0,936,36
TRINA_NEG9R.25_435W Full black,       ,0.126,0.131,09/2024,3744,0,0,TRINA,FB,GLASS,435,0,PAN_TRI,37,1134.0,30.0,1762.0,936,36
TRINA_NEG18R.28_495W-DUALGLASS_BF,       ,0.11800000000000001,0.123,07/2024,1728,0,0,TRINA,BF,2GLASS,495,0,PAN_TRI,28,1134.0,30.0,1961.0,864,36
TRINA_NEG18R.28_500W-DUALGLASS_BF,       ,0.121,0.126,07/2024,3456,0,0,TRINA,BF,2GLASS,500,0,PAN_TRI,28,1134.0,30.0,1961.0,864,36
TRINA_NEG18R.28_500W-DUALGLASS_BF,       ,0.121,0.126,07/2024,3456,0,0,TRINA,BF,2GLASS,500,0,PAN_TRI,28,1134.0,30.0,1961.0,864,36
TRINA_NEG18R.28_505W-DUALGLASS_BF,       ,0.124,0.129,07/2024,1728,0,0,TRINA,BF,2GLASS,505,0,PAN_TRI,30,1134.0,30.0,1961.0,864,36
Canadian CS6R-440T n type topcon,       ,0.115,0.12,,630,630,0,CANADIAN,BF,GLASS,440,0,PAN_CSI,,1134.0,30.0,1722.0,840,35
Canadian CS6R-440T n type topcon,       ,0.11,0.115,06/2024,910,0,0,CANADIAN,BF,GLASS,440,0,PAN_CSI,24,1134.0,30.0,1722.0,840,35
End Clamp 30-40mm Steel,       ,34.0,34.0,05/2024,15,0,0,MOUNTING,,,0,0,CON_MNT,20,0.0,0.0,0.0,0,0
End Clamp 30-40mm Steel,       ,11.56,15.0,,15,15,0,MOUNTING,,,0,0,CON_MNT,,0.0,0.0,0.0,0,0
SolarEdge optimizer S1000-1GMXMBT cables 2x1.3,       ,62.7,62.7,,502,502,0,SOLAR_EDGE,,,0,0,ACC_SEG,,165.0,129.0,52.0,0,0
TRINA_NEG9R.25_445W Full black,       ,0.132,0.137,08/2024,3744,0,0,TRINA,FB,GLASS,445,0,PAN_TRI,33,1134.0,30.0,1762.0,936,36
SH10T,       ,1706.0,1706.0,06/2024,6,0,0,SUNGROW,,,0,10000,INV_SGR,25,540.0,170.0,480.0,0,0
Canadian CS6.1-54TD-460 BF n type topcon,       ,0.115,0.12,08/2024,1680,0,0,CANADIAN,BF,GLASS,460,0,PAN_CSI,32,1134.0,30.0,1800.0,840,35
Canadian CS6.1-54TD-465 BF n type topcon,       ,0.115,0.12,08/2024,840,0,0,CANADIAN,BF,GLASS,465,0,PAN_CSI,32,1134.0,30.0,1800.0,840,35
T-BAT 5.8 HV11550_repaired,       ,345.99,345.99,,1,1,0,SOLAX,,,0,0,BAT_SLX,,193.0,647.0,474.0,0,0
LONGI LR5-72HGD-565W Bifacial,       ,0.1217,0.1267,06/2024,2160,0,0,LONGI,SF,BIF,565,0,PAN_LON,24,1134.0,30.0,2278.0,720,36
LONGI LR5-72HGD-560W Bifacial,       ,0.1217,0.1267,06/2024,10080,0,0,LONGI,SF,BIF,560,0,PAN_LON,24,1134.0,30.0,2278.0,720,36
JAM72D40-580-GB,       ,0.11660000000000001,0.1216,06/2024,12852,0,0,JASOLAR,SF,BIF,580,0,PAN_JAS,24,1134.0,30.0,2278.0,720,36
JAM72D40-590-LB,       ,0.11660000000000001,0.1216,06/2024,13536,0,0,JASOLAR,SF,BIF,590,0,PAN_JAS,24,1134.0,30.0,2333.0,720,36
Huawei LUNA2000-7-E1 Battery Module 6.9kWh,       ,2247.0,2247.0,,36,36,0,HUAWEI,,,0,0,BAT_HUA,,590.0,255.0,510.0,0,0
DCDC Power Module-LUNA2000-10KW-C1,       ,799.0,799.0,,18,18,0,HUAWEI,,,0,0,BAT_HUA,,0.0,0.0,0.0,0,0
JAM54S30-420-LR-BF,       ,0.105,0.11,02/2024,936,0,0,JASOLAR,BF,GLASS,420,0,PAN_JAS,7,1134.0,30.0,1762.0,936,36
JAM54S30-420-LR-BF,       ,0.105,0.11,02/2024,936,0,0,JASOLAR,BF,GLASS,420,0,PAN_JAS,7,1134.0,30.0,1762.0,936,36
EMU200-V115_S,       ,2325.0,2325.0,07/2024,0,0,0,SUNGROW,,,0,0,ACC_SGR,28,860.0,680.0,275.0,0,0
